_id,Test #,Build #,Category,Test Case,Expected Result,Actual Result,Repeatable?,Blocker?,Test Owner
660cfb111b1dc82d370b19c1,1,2024-03-19 00:00:00,Adventure Select Screen,User clicked on the Adventures button from the main menu options.,User is able to click on the icons and buttons present on the screen.,"Nothing happens when user clicks on the Book and House icons in the upper right corner, or on the Deck Builder button in the lower left corner.",Yes,No,Yana Zaynullina
660cfb111b1dc82d370b19c2,2,2024-03-19 00:00:00,Adventure Select Screen,User clicked on the Adventures button from the main menu options.,User is able to click on the icons and buttons present on the screen.,Nothing happens when user clicks on the Back button to return to the main menu.,Yes,Yes,Yana Zaynullina
660cfb111b1dc82d370b19c3,3,2024-03-19 00:00:00,Adventure Select Screen,"User clicked on the Adventures button from the main menu options. Once there, user clicks on one of the level selection bubbles on the map to start the adventure. It opens another sliding screen from the right.",User is able to click on the icons and buttons present on the screen.,Nothing happens when user clicks on the Play button to start the adventure.,Yes,Yes,Yana Zaynullina
660cfb111b1dc82d370b19c4,4,2024-03-19 00:00:00,Main Page | Settings,User clicked on the Settings button from the main menu. It opened a new pop-up screen in the middle of the screen with settings.,User is able to close the window by clicking on the X button.,Nothing happens when user clicks on the X button.,Yes,No,Yana Zaynullina
660cfb111b1dc82d370b19ca,0,2024-03-20 00:00:00,Settings,Bug Case: The X widget in Settings is not responsive,Properly highlight where to click,Highlight is offset slightly,Yes,No,Inderjit Singh
660cfb111b1dc82d370b19cb,1,2024-03-20 00:00:00,Adventure Mode,Bug Case: Cannot leave screen and clicks do not register,"Be able to play adventure mode or if not ready, be able to back out",User is stuck in the adventure mode screen and has to close the game to get out of Adventure Mode,Yes,Yes,Inderjit Singh
660cfb111b1dc82d370b19cc,2,2024-03-20 00:00:00,Leaderboards,Bug Case: Search bar is not working and X doesn’t work,Search bar should search players and X should clear the search bar,The bar does not search players and cannot click the X to clear the search bar,Yes,No,Inderjit Singh
660cfb111b1dc82d370b19cd,3,2024-03-20 00:00:00,Leaderboards,User Case: Text is blocked from other information,Text should be clear to read,Text is blocked and overlapping so you cannot read the information listed in leaderboard,Yes,No,Inderjit Singh
660cfb111b1dc82d370b19ce,4,2024-03-20 00:00:00,Friends list,Bug Case: Search bar and X doesn't work,Search bar should search players and X should clear the search bar,The bar does not search players and cannot click the X to clear the search bar,Yes,No,Inderjit Singh
660cfb111b1dc82d370b19cf,1,2024-03-16 00:00:00,Arena match,Bug: says match but timer is stucknothing happens,Match startes,The arena page comes up but the timer is stuck,Yes,Yes,Mimi Truong
660cfb111b1dc82d370b19d0,2,2024-03-16 00:00:00,Adventure select,Bug: Play button doesn’t work,start the advencture,nothing happens,Yes,yes,Mimi Truong
660cfb111b1dc82d370b19d1,3,2024-03-16 00:00:00,Adventure select,Bug: back button doesn’t work,Back button goes back to home page,nothing happens now I have to refresh and authenticate everything all over again :(,Yes,Yes,Mimi Truong
660cfb111b1dc82d370b19d2,4,2024-03-16 00:00:00,Arena match,bug: Timer froze at 66,timer continues till player is done with turn,timer froze and now cant do anything,Yes,Yes,Mimi Truong
660cfb111b1dc82d370b19d3,5,2024-03-16 00:00:00,Arena match,Bug: volume keys for setting on a match doesnot work,volume mute or higher,nothing after shows that volume should be muted,Yes,no,Mimi Truong
660cfb111b1dc82d370b19da,1,2024-03-19 00:00:00,Playing the game,Bug,I expect to be able to attack my opponenect at the proper phase,The game skips over phases and does not allow me to attack my opponent,Yes,No,Mirna Farahat
660cfb111b1dc82d370b19db,2,2024-03-19 00:00:00,Tutorial,Bug,I expect to be able to go through the tutorial and finish a complete turn,The tutorial froze and was not allowing me to draw any cards,Yes,No,Mirna Farahat
660cfb111b1dc82d370b19dc,3,2024-03-19 00:00:00,Tutorial,User Case,I expect clear instructions and guidance on how to properly play the game,The tutorial does not provide clear step-by-step instructions on how to properly play the game,Yes,No,Mirna Farahat
660cfb111b1dc82d370b19dd,4,2024-03-19 00:00:00,Accessing the game,Bug,"I expect that when I click on ""Arena"" I can start playing the game.","When I click ""Arena"" there is a dim screen displayed that does not display any additional ""features"" of the game.",Yes,Yes,Mirna Farahat
660cfb111b1dc82d370b19df,4,2024-03-18 00:00:00,Adventure Select,Home icon on top right does nothing,To go back to main menu,Nothing happened,Yes,Yes,Artim Trofimenko
660cfb111b1dc82d370b19e0,4,2024-03-18 00:00:00,Enders Game Leaderboard,"After typing a name to search on the bottom left, clicking the ""x"" to clear it, dosent clear it",For the name to clear,Name didnt clear,Yes,No,Artim Trofimenko
660cfb111b1dc82d370b19e1,4,2024-03-18 00:00:00,Online friends (main menu),"When typing a name onto the search bar, clicking the ""x"" to clear it, dosent clear it",For the name to clear,Name didnt clear,Yes,No,Artim Trofimenko
660cfb111b1dc82d370b19e2,4,2024-03-18 00:00:00,Adventure Select,The bookmark icon on the top right does nothing,To see my bookmarks,Nothing happened,Yes,No,Artim Trofimenko
660cfb111b1dc82d370b19e3,0,2024-03-19 00:00:00,Gameplay Tutorial,"Bug: After clicking the cards when it was not my turn, a black overlay appeared and did not close so I was unable to click the draw card button",I expected the draw button to be clickable when I was required to click it,A black overlay appeared after clicking on cards and their options when it was not my turn and I was unable to click the draw button to progress the tutorial,Yes,Yes,Katrina Ortiz
660cfb111b1dc82d370b19e4,1,2024-03-19 00:00:00,Deck Builder Tutorial,"Bug: If you click on NFTs section and then attempt to complete the task where you need to add 20 Guardians to the deck but don't have enough cards, you cannot exit out to pick the other section ""Free to Use"" to be able to add more cards","I expected to be able to exit out of the NFTs section to navigate to the ""Free to Use"" section to add more cards","Since there were not enough cards in the NFTs section of the Deck Builder Tutorial when adding cards to my deck, I was unable to exit and navigate to the ""Free to Use"" section and progress the tutorial",Yes,Yes,Katrina Ortiz
660cfb111b1dc82d370b19e5,2,2024-03-19 00:00:00,Deck Builder Tutorial,Bug: There is no way to exit the Deck Builder Tutorial,I expected there to be a way to exit the Deck Builder Tutorial like there is for the Gameplay Tutorial,There is no way to exit the Deck Builder Tutorial and a refresh is required to get out,Yes,Yes,Katrina Ortiz
660cfb111b1dc82d370b19e6,3,2024-03-19 00:00:00,Leaderboard,Bug: The statistics for the rankings wraps and overlaps the labels at the bottom of the leaderboard,I expected the text and statistics to be formatted where they do not overlap,The statistics for the rankings overlaps the text labels at the bottom of the leaderboard,Yes,No,Katrina Ortiz
660cfb111b1dc82d370b19e7,4,2024-03-19 00:00:00,Leaderboard,"Bug: Since the Wins and Losses are already labelled, I do not think we need the ""W"" or ""L"" after the number",The information presented is concise,"Since the Wins and Losses are already labelled, the ""W"" and ""L"" after the number is redunant",Yes,No,Katrina Ortiz
660cfb111b1dc82d370b19e8,5,2024-03-19 00:00:00,Leaderboard,Bug: The numbers are inconsistently spaced for the information at the bottom of the Leaderboard,I expected the numbers to be spaced consistently,"The numbers are spaced inconsistently in the fields that are presented at the bottom of the Leaderboard (i.e. The number after the colon after ""Level"" has a space while the numbers after ""Wins"" and ""Losses"" do not)",Yes,No,Katrina Ortiz
660cfb111b1dc82d370b19e9,6,2024-03-19 00:00:00,Leaderboard,"Bug: When you reach page 100, the numbers stack and are not formatted nicely",I expected the page numbers to stay formatted when it reaches 100 and above,The page numbers start not formatting correctly when it reaches 100 and above,Yes,No,Katrina Ortiz
660cfb111b1dc82d370b19ea,7,2024-03-19 00:00:00,Leaderboard,Bug: The button to clear the search field does not clear the search input field,I expected the button to clear the search input field to actually clear the input field when pressed,The button to clear the search input field did not clear the input field when pressed,Yes,No,Katrina Ortiz
660cfb111b1dc82d370b19eb,8,2024-03-19 00:00:00,Settings,Bug: Changing the language from English to another language only changes some text to that selected language but not all text,I expected all English text to change to the selected language,"Some text stayed English even when the language was changed (i.e. The options in the Settings changed to the selected language but the title ""Settings"" remained in English)",Yes,No,Katrina Ortiz
660cfb111b1dc82d370b19ec,9,2024-03-19 00:00:00,Settings,"Bug: The default volumes were set at 60 initially but when the ""Reset to default"" button was clicked, the new default was 50","I expected the volume options presets to be the same default (60) initially and when the ""Reset to default"" was pressed","The volume presets were 60 initially and then changed to 50 when the ""Reset to default"" button was pressed",Yes,No,Katrina Ortiz
660cfb111b1dc82d370b19ed,10,2024-03-19 00:00:00,Arena,"Bug: The numbers after the word ""Gold"" when viewing a card's details are not spaced after the colon",I expected the numbers to be spaced consistently,"The numbers after the colon in the word ""Gold"" are not spaced",Yes,No,Katrina Ortiz
660cfb111b1dc82d370b19f1,0,2024-03-17 00:00:00,Game/Main Page,The buttons do not respond in adventure select.,Clicking a button should perform the indicated task.,Clicking on a button does not result in any action.,Yes,Yes,Raymond Gharapeti Babayans
660cfb111b1dc82d370b19f2,1,2024-03-18 00:00:00,Game/Main Page,"Unable to add a card in a previously created deck in deck builder, after removing it.",The selected card should be added to the deck.,Clicking on the card does not place it in the deck.,Yes,Yes,Raymond Gharapeti Babayans
660cfb111b1dc82d370b19f3,2,2024-03-17 00:00:00,Game/Main Page,"In the leadboards section, the rannking labels are overlapped.",each ranking should be displayed clearly without overlapping.,"Rankings are overlapped, making them indiscernible.",Yes,No,Raymond Gharapeti Babayans
660cfb111b1dc82d370b19f9,1,2024-03-18 00:00:00,UI,Bug: Settings,Close settings tab when hitting the x button,Would not close,Yes,No,Ramon
660cfb111b1dc82d370b19fa,2,2024-03-18 00:00:00,UI,Bug: Adventure mode,Play adventure mode,Still does not atleast let you leave the mode to go back to main menu even though it does not work currently,Yes,Yes,Ramon
660cfb111b1dc82d370b19fc,1,2024-03-18 00:00:00,UI,Bug: Settings,Close settings tab when hitting the x button,Would not close,Yes,No,Kevin Chaja
660cfb111b1dc82d370b19fd,2,2024-03-18 00:00:00,UI,Bug: Adventure mode,Play adventure mode,Still does not atleast let you leave the mode to go back to main menu even though it does not work currently,Yes,Yes,Kevin Chaja
660cfb111b1dc82d370b1a14,1,2024-03-19 00:00:00,Login/UI/Game/Main menu,"Bug?: When you adjust the volume, it won't change until you save but that wasn't the case when you hit default","I was expecting that when you change the options for the game, the volume would adjust accordingly with the sound bar. On the other hand, if the audio doesn't apply until after the user saves, I was expecting the default options to have the same treatment.","When you adjust audio for game in the soundbar, volume doesn't apply until the user saves, but when a user reverts to default, the volume will apply immediately before the user saves option.",Yes,no,Omar Garcia
660cfb111b1dc82d370b1a15,2,2024-03-19 00:00:00,Login/UI/Game/Tutorials,Bug: Search feature doesn't function properly in tutorial,"When I go to the search bar in the tutorial, I was expecting the search to filter out the results by the one I am looking for","When I searched a tutorial, It didn't return any filtered results and the screen just remained the same as it did when I arrived at the screen.",Yes,Yes,Omar Garcia
660cfb111b1dc82d370b1a16,3,2024-03-19 00:00:00,Login/UI/Game,Bug: The delete (x) button doesn't work anywhere,"When I type something in the search bar for tutorial or to find friends, I expect that when I hit the delete (x) button,it would clear my entry in the search bar","When I actually press the delete (x) button, it does not anything.",Yes,Yes,Omar Garcia
660cfb111b1dc82d370b1a17,1,2024-03-19 00:00:00,Game,"Bug: Adventure mode does not seem to be working, can enter the UI but once loaded, nothing works",Start a battle,UI buttons not working,Yes,Yes,Ryan Kao
660cfb111b1dc82d370b1a1e,1,2024-03-18 00:00:00,Adventure page,Could not go back when clicking button,Going back to main page when clicking back button,"Nothing happened, had to reload the game and log back in",Yes,No,Angeles Montalvo
660cfb111b1dc82d370b1a1f,2,2024-03-18 00:00:00,Deck builder Editor,Up and down arrows don’t work in editor,Moving down the lists by using the arrows,"Arrows did not work, just the bar",Yes,No,Angeles Montalvo
660cfb111b1dc82d370b1a20,3,2024-03-18 00:00:00,Enders gate leaderboard,Overlapping text,Seeing all the stats for my account at the bottom of the leaderboard,Some of the text was overlapping with another part of the text which made it hard to read my stats,Yes,No,Angeles Montalvo
660cfb111b1dc82d370b1a3f,3,2024-03-19 00:00:00,Login/News,User Case: clicking latest news or latest update does nothing,Open up a tab with past news or patch updates,Nothing happens,Yes,Yes,Jorge Enriquez
660cfb111b1dc82d370b1a41,1,2024-03-08 00:00:00,Login,Bug: Does not log in with email.,To enter the game.,Stuck in “Login with email..”,Yes,Yes,Angel Venegas
660cfb111b1dc82d370b1a42,2,2024-03-08 00:00:00,Game,Bug: Adventure Mode not working.,Expected to play a match.,Could not play a match.,Yes,Yes,Angel Venegas
660cfb111b1dc82d370b1a4a,1,2024-03-19 00:00:00,Tutorial,Tutorial Does Not Load,Tutorial to pop up,Went to black screen and froze,Yes,Yes,Anthony Daulo
660cfb111b1dc82d370b1a4b,2,2024-03-19 00:00:00,Tutorial,Skips Enemy AI Actions,Full animation of enemy actions plays out,Skips through animations and can only view aftermath of game actions,Yes,No,Anthony Daulo
660cfb111b1dc82d370b1a60,2,2024-03-05 00:00:00,Game,User: Latency indicator blocking GUI elements,Latency indicator owns its own spot on the page,Latency indicator covering GUI elements,Yes,Yes,Grigor Azakian
660cfb111b1dc82d370b1a61,3,2024-03-05 00:00:00,Login,Bug: Game times out and logs me out within one minute,Logout timer lasts for a longer period of time,Logout timer logs me out very quickly,Yes,Yes,Grigor Azakian
660cfb111b1dc82d370b1a6b,0,2024-02-27 00:00:00,Main Page,"Click add friend icon, then press back icon to return to main page",Be returned to main page once friend added,"Upon pressing the back icon to return to main page, the game would freeze and would have to log in again.",Yes,Yes,Andrew Gabriel
660cfb111b1dc82d370b1a6c,1,2024-02-27 00:00:00,Game,Playing tutorial,Instruct us how to play as a beginner,Got kicked out the game mid tutorial,Yes,Yes,Andrew Gabriel
660cfb111b1dc82d370b1a6d,2,2024-03-05 00:00:00,Game,Following along the tutorial,Go through the tutorial and complete the tasks step by step that Luna gives,"Would not register that I completed the task and would get stuck the being instructed what to do unless I press ""exit tutorial""",Yes,no,Andrew Gabriel
660cfb111b1dc82d370b1a6e,3,2024-03-05 00:00:00,Game,Playing in arena,Play with other opponent in arena,In the middle of the game was sent back to the login page,Yes,Yes,Andrew Gabriel
660cfb111b1dc82d370b1a6f,4,2024-03-05 00:00:00,Main Page,"Click on either arena, adventure, tutorials, nft shops, settings",register on click,"The game would not register that I'm pressing one of the options. Once it finally registered for arena button would not let me click ""cancel""",Yes,Yes,Andrew Gabriel
660cfb111b1dc82d370b1a70,5,2024-03-12 00:00:00,Main Page,"Upon pressing settings, pressing ""X"" should exit back to list of options in main page",exit settings,"pressing the ""X"" does nothing and have to press cancel to exit",Yes,no,Andrew Gabriel
660cfb111b1dc82d370b1a71,6,2024-03-12 00:00:00,Game,Allow me to follow along in tutorial and complete tasks that Luna assigns,Complete the tasks Luna assigns,Luna asked to use phase selector to swtich to main phase 2 but it isn't registering,Yes,no,Andrew Gabriel
660cfb111b1dc82d370b1a72,7,2024-03-12 00:00:00,Main Page,Go to Adventure in the main page and play,"Play in adventure after pressing ""Play""","""Play"" button is not registering and nothing is popping up",Yes,no,Andrew Gabriel
660cfb111b1dc82d370b1a73,8,2024-03-18 00:00:00,Game,Playing tutorial,Be able to follow along the tutorial,"The game would not go further if I press ""End Turn"", had to exit tutorial",Yes,no,Andrew Gabriel
660cfb111b1dc82d370b1a74,9,2024-03-18 00:00:00,Main Page,Click on Adventure and exit out of it,Be able to click on adventure and then exit out by pressing the back button or home button,None of the buttons registered had to refresh the game and sign in again,Yes,Yes,Andrew Gabriel
660cfb111b1dc82d370b1a88,1,2024-03-19 00:00:00,Main Page,Close Settings Box,Pressing X closes box,Nothing,Yes,No,Jack Konyan
660cfb111b1dc82d370b1a89,2,2024-03-19 00:00:00,Adventure,Loads mission name,Mission name is shown,Generic Mission name,Yes,No,Jack Konyan
660cfb111b1dc82d370b1a8a,3,2024-03-19 00:00:00,Adventure,Mission objectives,Loads mission objectives,No objectives shown,Yes,No,Jack Konyan
660cfb111b1dc82d370b1a8b,4,2024-03-19 00:00:00,Adventure,Play Mission,Mission Starts,Mission does not start,Yes,No,Jack Konyan
660cfb111b1dc82d370b1a8f,0,2024-03-19 00:00:00,Game,User Case: Blurred game elements & text towards edges of game screen during battle.,Be able to clearly see all elements & text anywhere on-screen.,There appears to be a strong blur effect implemented towards the edges of the screen during battle mode.,Yes,No,Svarun Soda
660cfb111b1dc82d370b1a91,2,2024-03-19 00:00:00,Login,Bug: Always being asked to double-verify email before logging in.,Be automatically authenticated if logging in with same PC many times.,"Asked to verify email twice upon every login, even if immediately consecutive.",Yes,No,Svarun Soda
660cfb111b1dc82d370b1a92,1,2024-03-19 00:00:00,Login,Window Resize did not fit to vertical Window,Resize to vertical screen,Did not resize,Yes,No,Javier Torres
660cfb111b1dc82d370b1a93,2,2024-03-19 00:00:00,Main menu,"On main page I selected ""settings"" before I closed the Ultraman promotion and now I cant close the settings tab using the ""X""","Able to close out the game using the ""X"" button on the top right corner of the window",Cannot close settings menu without hitting Cancel,Yes,No,Javier Torres
660cfb111b1dc82d370b1a94,3,2024-03-19 00:00:00,Adventure Menu,"Clicking on anything does not work when I entered ""Adventure"" Mode, I cannot back out of this window either.","Working ""Play"" buttons, be able to back out of ""Adventure Mode"". Nothing happens.","Nothing happens aside from when you select a mission, a window pops up but when you try to ""play"" nothing happens.",Yes,No,Javier Torres
660cfb111b1dc82d370b1a95,0,2024-03-19 00:00:00,5HeadGames/Login/EndersGate/Login,Ex user case: game did not log me in,Game launches properly after logging in from the 5 Head Games Launcher,"Receive the following error in a popup box : “screen.orientation.lock is not a function. (In ‘screen.orientation.lock(type)', 'screen.orientation.lock' is undefined)”",Yes,Yes,Narek Karapetyan
660cfb111b1dc82d370b1a96,1,2024-03-19 00:00:00,EndersGate/MyPacks/Swap Your Collab pass/FAQ,Ex bug: FAQ link takes me to FAQ,FAQ displayed on the screen,"Receive the following error: “An error has occurred while switching chain, please try again.”",Yes,No,Narek Karapetyan
660cfb111b1dc82d370b1a97,2,2024-03-19 00:00:00,EndersGate/Card Gallery,Ex bug: My owned cards come up as 0 in my card gallery,I have a 1 under the cards I own,Cards show zero owned,Yes,No,Narek Karapetyan
660cfb111b1dc82d370b1a98,1,2024-03-13 00:00:00,Adventure/Home (house figure),Click to go back to the main page and nothing happen,Go back to the main page,Nothing happen,Yes,Yes,Sayra Reyes
660cfb111b1dc82d370b1a99,2,2024-03-13 00:00:00,Home Page/Adventure/Deck Builder,Click on deck builder but nothing happen,Go to the Deck Builder,Same nothing happen,Yes,Yes,Sayra Reyes
660cfb111b1dc82d370b1a9a,3,2024-03-14 00:00:00,Home Page/Edit Profile/Player Frame,When I click on player frame nothing happen,To appear a player frame,Nothing happen,Yes,Yes,Sayra Reyes
660cfb111b1dc82d370b1a9b,4,2024-03-14 00:00:00,Home Page/Edit Profile/Player Title,When I click on player title nothing happen,To show the player title,"Same thing, nothing happen",Yes,Yes,Sayra Reyes
660cfb111b1dc82d370b1a9c,5,2024-03-14 00:00:00,Home Page/Edit Profile/Player Banner,Click on player banner and nothing happen,Show player banner (I don’t know what is that),Nothing happen,Yes,Yes,Sayra Reyes
660cfb111b1dc82d370b1a9d,1,2024-03-12 00:00:00,Main Page,Player Icon,The white outline should move as the player selects the icon,"The white outline was delayed when moving to select the icon, it is a bit laggy",Yes,No,Jainivash Korisal
660cfb111b1dc82d370b1a9e,2,2024-03-12 00:00:00,Main Page,Settings,Open and close Setting when pressed the X on the top right,Opened Settings but unable to close it using the X on the top right and the game automatiically restarted to login page,Yes,No,Jainivash Korisal
660cfb111b1dc82d370b1aa0,4,2024-03-12 00:00:00,Game,Game,The timer should count down duing the oppenets turn,The timer stuck at 63 during turn 8 main 1,Yes,Yes,Jainivash Korisal
660cfb111b1dc82d370b1aa1,1,2024-03-17 00:00:00,Login,User case: OAthu takes wat too long with 4 different window pop-ups and email.,Less than 10 seconds to log back in,35ish seconds to login,Yes,No,Mohammad Asim Sheikh
660cfb111b1dc82d370b1aa2,2,2024-03-17 00:00:00,Login,Bug: Gives this error after OAth: TypeError: screen.orientation.lock is not a function,Begin gamplay,Error message,Yes,Yes,Mohammad Asim Sheikh
660cfb111b1dc82d370b1aa3,3,2024-03-17 00:00:00,Game,User case: Reached Max capacity,Begin gameplay,"Users maxed out, tried again 10 minutes later, but same result.",Yes,Yes,Mohammad Asim Sheikh
660cfb111b1dc82d370b1aa7,1,2024-03-17 00:00:00,Main Page,"Game will still
 not let user return
 to home page if
 clicking on adventure
 tab","Game allows
 user to return to
 home page","Game forces
 you to stay on
 adventure page",Yes,Yes,Joey Kaz
660cfb111b1dc82d370b1aa8,2,2024-03-17 00:00:00,Main Page,"Matchmaking takes 
 too long if only able
 to play the AI","Should be instant
 matchmaking 
 when playing AI","Takes too long
 to AI matchmake",Yes,No,Joey Kaz
660cfb111b1dc82d370b1aba,2,2024-03-17 00:00:00,Login,Login queue,login and let me play the game,login queue please try again 10 mintues,Yes,Yes,Joshua alvarado
660cfb111b1dc82d370b1ac2,1,"Use date you 
 tested on
 3/17/2024",UI,I noticed that there is no logout botton in the game. Once im signed in how do i logout,Logout page to log the user out,No logout button found!,Yes,yes,Salman Khan
660cfb111b1dc82d370b1ad7,1,2024-03-16 00:00:00,Login,when clicking get started I was immediately sent straight in with no way of logging in,Expected to be able to sign up when I press the sign in button,No page to get started,Yes,No,Sarkis Shil-Gevorkyan
660cfb111b1dc82d370b1ad8,2,2024-03-16 00:00:00,Game,No tutorial or intstruction,Some from of tutorial or even a help option,None at all,Yes,No,Sarkis Shil-Gevorkyan
660cfb111b1dc82d370b1ad9,3,2024-03-17 00:00:00,Game,Rewards shop takes me back to the start page,To show the actual reward shop,Sent back to start page,Yes,No,Sarkis Shil-Gevorkyan
660cfb111b1dc82d370b1ada,Test #1,2024-03-17 00:00:00,Graphics,Ran the game graphics look better,Game to choppy and laggy,Smooth graphics/game looks much better,Yes,No,Alex Kevorkian
660cfb111b1dc82d370b1adb,Test #1,2024-03-17 00:00:00,Adventure Mode Gameplay,Tried playing the kingdom,Use the power to play,couldnÕt play the adventure mode and game froze,Yes,No,Alex Kevorkian
660cfb111b1dc82d370b1adc,Test #1,2024-03-17 00:00:00,Arena,Draw phase,Don tlike how its only draw one,Drew one per turn makes the game slower/less action,Yes,No,Alex Kevorkian
660cfb111b1dc82d370b1ae6,1,2024-03-11 00:00:00,Main Menu | Building Your First Deck Tutorial,"User begins playing the ""Building Your First Deck"" tutorial. User is still on the main menu screen.","User can clearly see the ""Deck Builder"" button in the menu.","Luna's picture is visually blocking the ""Deck Builder"" button in the menu. The button is still clickable nevertheless. See picture attached.",Yes,No,Yana Zaynullina
660cfb111b1dc82d370b1ae7,2,2024-03-11 00:00:00,Deck Builder | Building Your First Deck Tutorial,"User begins playing the ""Building Your First Deck"" tutorial. User is now on the Deck Builder screen for the first time.",The blue highlight shape covers the area of the + button correctly.,"The blue highlight shape is off, it doesn't cover the area of the + button correctly. See picture attached.",Yes,No,Yana Zaynullina
660cfb111b1dc82d370b1ae8,3,2024-03-11 00:00:00,New Deck Builder | Building Your First Deck Tutorial,"User begins playing the ""Building Your First Deck"" tutorial. User clicked on the + button to create a brand new deck.",User can use the up and down buttons on the scroll slider.,User cannot use the up and down buttons on the scroll slider because they are unclickable.,Yes,No,Yana Zaynullina
660cfb111b1dc82d370b1ae9,4,2024-03-11 00:00:00,New Deck Builder | Building Your First Deck Tutorial,"User begins playing the ""Building Your First Deck"" tutorial. User clicked on the + button to create a brand new deck.",The blue highlight shape covers the area to enter the new deck's name correctly.,"The blue highlight shape is off, doesn't cover the area to enter the new deck's name correctly. See picture attached.",Yes,No,Yana Zaynullina
660cfb111b1dc82d370b1aea,5,2024-03-11 00:00:00,Edit User Profile,User opened a screen to edit their profile information.,"User sees error messages when options Player's Frame, Title, and Banner are clicked.","User doesn't see any error messages when options Player's Frame, Title, and Banner are clicked. Nothing happens.",Yes,No,Yana Zaynullina
660cfb111b1dc82d370b1af0,0,2024-03-12 00:00:00,Deck Builder Tutorial,User Case: Deck Builder Tutorial Placeholder/highlight is not accurate if you have deck created,Properly highlight where to click,Highlight is offset slightly,Yes,No,Inderjit Singh
660cfb111b1dc82d370b1af1,1,2024-03-12 00:00:00,Deck Builder,"Bug Case: The A-Z in deck builder does not put in alphabetical order, but rather organizes by Guardian cards and Action cards",Filter cards alphabetically,Filters cards by type,Yes,No,Inderjit Singh
660cfb111b1dc82d370b1af2,2,2024-03-12 00:00:00,Deck Builder Tutorial,"Bug Case: In Deck Builder tutorial, cannot click X to go back and select cards. Forces you to click arrows to scroll past cards",Clicking X should leave the add screen and allow you to find cards that you want to select,Clicking X does nothing and is not responsive,Yes,No,Inderjit Singh
660cfb111b1dc82d370b1af3,3,2024-03-12 00:00:00,Settings,Bug Case: The X widget in Settings is not responsive,Clicking X should exit us out of the settings menu,Clicking X does nothing and is not responsive,Yes,No,Inderjit Singh
660cfb111b1dc82d370b1af4,4,2024-03-12 00:00:00,Adventure Mode,Bug Case: Cannot leave screen and clicks do not register,"Be able to play adventure mode or if not ready, be able to back out",User is stuck in the adventure mode screen and has to close the game to get out of Adventure Mode,Yes,Yes,Inderjit Singh
660cfb111b1dc82d370b1b00,1,2024-03-12 00:00:00,Playing the game,Bug,"I expect that when I click ""Arena"" I am allowed to choose the cards to put down and play against my opponent","When I clicked ""Arena"", nothing happened. It showed me the ""boxes"" where I am supposed to put my cards, but there was no response when I clicked on anything",Yes,Yes,Mirna Farahat
660cfb111b1dc82d370b1b01,2,2024-03-12 00:00:00,Reloading the page,User Case,"I expect that when I reload the page, it takes me bag to the main page so I can try accessing the game again","When I reload the page, I'm prompted to log in all over again to access the game.",Yes,No,Mirna Farahat
660cfb111b1dc82d370b1b02,4,2024-03-12 00:00:00,Accessing game,User Case,"I expect that when I try to long in to the game, it takes a few seconds to authenticate","When I tried to authenticate using my email, it displayed ""Authenticating"" for about 4 minutes and still never took me to the game",Yes,Yes,Mirna Farahat
660cfb111b1dc82d370b1b03,5,2024-03-12 00:00:00,Game stops responding,Bug,"I expect that when I'm in the middle of my game, I can continue playing until someone wins","Game stops responding, countdown stops, I am unable to click on anything.",Yes,Yes,Mirna Farahat
660cfb111b1dc82d370b1b04,3,2024-03-12 00:00:00,Main Menu,"When clicked on setting, clicking X button on top right dosent work",To exit settings,Nothing happened,Yes,No,Artim Trofimenko
660cfb111b1dc82d370b1b05,3,2024-03-12 00:00:00,Adventure Select,Clicking PLAY does nothing,To play the level,Nothing happened,Yes,Yes,Artim Trofimenko
660cfb111b1dc82d370b1b06,3,2024-03-12 00:00:00,Adventure Select,Clicking Deck Builder does nothing,To build my deck,Nothing hapopened,Yes,No,Artim Trofimenko
660cfb111b1dc82d370b1b07,0,2024-03-12 00:00:00,Arena,"Bug: The sentence that appears when you attempt to ""Activate"" a card doesn't seem like a complete sentence","I expected the sentence to be complete when it displays to the user if they click ""Activate"" out of turn","The sentence that displayed to the user when clicking the ""Activate"" option on a card out of turn says ""You can only activate or set cards in the "" and appears to be incomplete",Yes,No,Katrina Ortiz
660cfb111b1dc82d370b1b08,1,2024-03-12 00:00:00,Arena,Bug: The Game History window is overlapped at the bottom by the total amount of coins available,I expected to be able to view the Game History window without anything overlapping it,The total coins element overlaps with the bottom of the Game History window and overlaps text that reaches the bottom of the window,Yes,No,Katrina Ortiz
660cfb111b1dc82d370b1b09,2,2024-03-12 00:00:00,Arena,Bug: The slider Audio options in the Settings do not affect the volume,I expected the slider Audio options to adjust the respective volumes when changed,The slider Audio options did not adjust the volume when changed,Yes,No,Katrina Ortiz
660cfb111b1dc82d370b1b0a,3,2024-03-12 00:00:00,Arena,Bug: The volume option in the player chat box is clickable but cannot be changed,I expected the volume option in the player chat box to be able to be changed,The volume option in the player chat box is clickable but does not change,Yes,No,Katrina Ortiz
660cfb111b1dc82d370b1b0c,5,2024-03-12 00:00:00,Arena,Bug: The symbol that pops up at the beginning of the game seems to be incomplete,I expected the symbol that appears in the middle of the Arena page to look more complete,The symbol that appears in the middle of the Arena at the start of the game appears to be missing some elements,Yes,No,Katrina Ortiz
660cfb111b1dc82d370b1b0e,7,2024-03-12 00:00:00,Login Process,"Bug: If the login screen is left on without logging in for too long (approx 30 minutes to an 1 hour), then the authentication process will freeze and not continue)","I expected to be able to log in without issues, even if the login screen was left open","The login process got stuck on the authentication portion of the login process. A refresh allowed another attempt at the authentication process, which was successful",Yes,No,Katrina Ortiz
660cfb111b1dc82d370b1b0f,8,2024-03-12 00:00:00,Main Page,"Bug: I accidentally clicked on ""Adventure"" instead of ""Arena"" and was unable to get out of the Adventure page without a refresh",I expected to be able to back out of the Adventure page,I was only able to get out of the Adventure page with a refresh and was required to sign in again,Yes,Yes,Katrina Ortiz
660cfb111b1dc82d370b1b10,9,2024-03-12 00:00:00,Arena,"Bug: If you click on an empty card space next to a ""Hired"" card that is in play, the options appear for the active card (Activate/Retire) that's next to it",I expected that the empty space next to an active card would not display any card options if clicked,The options for an active card appeared when the empty space was clicked next to the active card,Yes,No,Katrina Ortiz
660cfb111b1dc82d370b1b11,1,2024-03-12 00:00:00,Login,Logging in Via Email,Log Successful,Stuck on this screen Image 1,Yes,No,Jack Konyan
660cfb111b1dc82d370b1b15,0,2024-03-07 00:00:00,Game/Main Page,The return buttons does not respond after adventure select,Clicking the button should navigate the screen to main page.,Clicking on button does not result in any action.,Yes,Yes,Raymond Gharapeti Babayans
660cfb111b1dc82d370b1b1c,1,2024-03-12 00:00:00,UI,Bug: Adeventure mode,Play adventure mode,Nothing works/ can't go back to home page,Yes,Yes,Ramon
660cfb111b1dc82d370b1b3a,1,2024-03-10 00:00:00,Create Deck,"After entering an arena and choosing a deck, it doesnt let you exit to choose another card.",Choose deck and play game,Screen got stuck on card,Yes,Yes,Heather Gardner
660cfb111b1dc82d370b1b3b,2,2024-03-11 00:00:00,Create Deck,"After entering an arena and choosing a deck, it doesnt let you exit to choose another card.",Choose deck and play game,Screen got stuck on card,Yes,Yes,Heather Gardner
660cfb111b1dc82d370b1b3c,3,2024-03-12 00:00:00,Create Deck,How to obtain button and related cards buttons do not work,Choose deck and play game,Screen got stuck on card,Yes,Yes,Heather Gardner
660cfb111b1dc82d370b1b3d,4,2024-03-12 00:00:00,Tutorial,It was my turn to play my character and the game froze and went back to the login page.,Gameplay for tutorial,Screen got stuck and looped back to login page,Yes,Yes,Heather Gardner
660cfb111b1dc82d370b1b44,1,2024-03-10 00:00:00,Arena Game,Wrong player name and icon shown,To see my chosen username and my player icon,"It shows my default username ""0xb37…"" and the default player icon",Yes,No,Angeles Montalvo
660cfb111b1dc82d370b1b45,2,2024-03-10 00:00:00,Arena Game,"When trying to activate or set an event card that is on the deck during ""Battle Phase"" I was expecting to see a message saying why this is not possible but the message was incomplete",To see the entire message on screen as to why the action was not possible,"The message was incomplete it said something like ""You can only activate or set event cards in the"" and that was it.",Yes,No,Angeles Montalvo
660cfb111b1dc82d370b1b46,3,2024-03-10 00:00:00,Arena Game,Health/life bar of opponent is not visible after half of it is reduced,Seeing how much health the opponent had left,As the life of my opponent was decreasing the numbers started to disappear/blend with the black background making it impossible for me to know how much life they got left,Yes,No,Angeles Montalvo
660cfb111b1dc82d370b1b47,4,2024-03-10 00:00:00,Arena Game,The timer froze on '71' after activating the event card of the arrows and only way to end game was to surrender. (This happened 2 times in different matches),Be taken back to main page and match not being counted as a Defeat or Victory,"Game froze on my opponent's turn, I was not able to do anything as it wasn't my turn so I had to surrender, which affected my score",Yes,No,Angeles Montalvo
660cfb111b1dc82d370b1b48,5,2024-03-11 00:00:00,Arena Game,Being kicked out in the middle of the game back to the login page. (This has happened 4 times in different days),Finish match or be taken back to main page if an error occurred and have a message stating that an error occurred,Suddenly being taken back to login page,Yes,No,Angeles Montalvo
660cfb111b1dc82d370b1b49,6,2024-03-11 00:00:00,Arena Game,"Being taken into the arena without an opponent, had to reload game as I couldn't go back to main page.","Seeing the opponent, my cards, the menu options on the left side and being able to play","The only thing showing was the arena, but nothing else, no cards, no opponent, no menu options, nothing. Therefore, the only way to go back to main page was by reloading the game and logging back in",Yes,No,Angeles Montalvo
660cfb111b1dc82d370b1b51,1,2024-03-12 00:00:00,Game,"After staying in the deck builder page for over a minute, it will log you out and you will be unable to log back in until you close the page",Not to log me out,Logs me out,Yes,Yes,Jae Molina
660cfb111b1dc82d370b1b7d,3,2024-03-12 00:00:00,Login/Adventure,User Case: No way of going to main menu,Either back button or home button returns to main menu,User is soft locked in Adventure select,Yes,Yes,Jorge Enriquez
660cfb111b1dc82d370b1b7f,1,2024-03-11 00:00:00,Tutorial,User Case: Explain what guardians are.,I expected to know what a guardian is.,I guessed what a guardian was and added them.,Yes,No,Angel Venegas
660cfb111b1dc82d370b1b80,2,2024-03-11 00:00:00,Game,Bug: Sometimes it does not let me attack.,I expected to attack.,Could not attack.,Yes,Yes,Angel Venegas
660cfb111b1dc82d370b1b87,1,2024-03-12 00:00:00,Tutorial,Timers Take Longer than indicated amount,Timer indicates 30 for it to take 30 seconds.,Timer indicates 30 takes well over a minute,Yes,No,Anthony Daulo
660cfb111b1dc82d370b1b88,2,2024-03-12 00:00:00,Tutorial,Really High Amounts of latency,Responsive clicks when selecting a card,About a 5 second delay between selecting a card and it being acknoweldged,Yes,no,Anthony Daulo
660cfb111b1dc82d370b1b89,3,2024-03-12 00:00:00,Tutorial,Card Summoning Animations being skipped,Some type of special graphic to appeare when a card plays,Sound effects occur. About a 5 second delay of just a blank battle field before the card just appears on the board.,Yes,No,Anthony Daulo
660cfb111b1dc82d370b1b90,1,2024-03-12 00:00:00,Deck Tutorial,bug: can't put special characters in naming the deck,I expected to put any character I want in naming the deck,I can't put any characters in naming the deck,Yes,no,Mansoor Amza
660cfb111b1dc82d370b1b9a,1,2024-03-12 00:00:00,Deck Builder,Scrolling through cards in deck builder on MacOS,It should be slow and easy to stop at any given point,Its super fast and sensitive which makes it hard to stop at a specific part. Using the built in scroll bar is an option but the user might be more comfortable just using their trackpad,Yes,No,Brandon Hakimi
660cfb111b1dc82d370b1b9c,3,2024-03-12 00:00:00,Profile,Stats are not accurate,I lost 2 games and won 0. Win/Loss should be 0/2,0/0,Yes,No,Brandon Hakimi
660cfb111b1dc82d370b1b9d,4,2024-03-12 00:00:00,Adventure,When I click on the adventure tab non of the buttons work and I can't go back.,To be able to play the adventure tab or at least be able to go back to the home page,"Nothing, not even the home or back buttons work",Yes,Yes,Brandon Hakimi
660cfb111b1dc82d370b1b9f,2,2024-03-05 00:00:00,Game,User: Latency indicator blocking GUI elements,Latency indicator owns its own spot on the page,Latency indicator covering GUI elements,Yes,Yes,Grigor Azakian
660cfb111b1dc82d370b1ba0,3,2024-03-05 00:00:00,Login,Bug: Game times out and logs me out within one minute,Logout timer lasts for a longer period of time,Logout timer logs me out very quickly,Yes,Yes,Grigor Azakian
660cfb111b1dc82d370b1ba2,2,2024-03-05 00:00:00,Game,User: Latency indicator blocking GUI elements,Latency indicator owns its own spot on the page,Latency indicator covering GUI elements,Yes,Yes,Grigor Azakian
660cfb111b1dc82d370b1ba3,3,2024-03-05 00:00:00,Login,Bug: Game times out and logs me out within one minute,Logout timer lasts for a longer period of time,Logout timer logs me out very quickly,Yes,Yes,Grigor Azakian
660cfb111b1dc82d370b1ba4,1,2024-03-12 00:00:00,Game,"User case: When placing down cards on the field, the screen shakes too hard.",Expected my screen not to shake as much,The screen shook hard,Yes,No,Renzo Pereyra
660cfb111b1dc82d370b1ba5,2,2024-03-12 00:00:00,Game,"Card Descriptions can stack, ex: when attempting to select a card right after having selected another",Expected to dismiss previous card notification before presenting me with another,Card notifications stacked,Yes,No,Renzo Pereyra
660cfb111b1dc82d370b1ba6,3,2024-03-12 00:00:00,Game,"User Case: Timer can give certain time per phase. For me, as a newbie, timer feels a bit too fast as I am having to read the cards before being able to put them down.",Timer to be a little slower.,"Timer feels fair, maybe I have a skill issue.",Yes,No,Renzo Pereyra
660cfb111b1dc82d370b1bb3,0,2024-02-27 00:00:00,Main Page,"Click add friend icon, then press back icon to return to main page",Be returned to main page once friend added,"Upon pressing the back icon to return to main page, the game would freeze and would have to log in again.",Yes,Yes,Andrew Gabriel
660cfb111b1dc82d370b1bb4,1,2024-02-27 00:00:00,Game,Playing tutorial,Instruct us how to play as a beginner,Got kicked out the game mid tutorial,Yes,Yes,Andrew Gabriel
660cfb111b1dc82d370b1bb5,2,2024-03-05 00:00:00,Game,Following along the tutorial,Go through the tutorial and complete the tasks step by step that Luna gives,"Would not register that I completed the task and would get stuck the being instructed what to do unless I press ""exit tutorial""",Yes,no,Andrew Gabriel
660cfb111b1dc82d370b1bb6,3,2024-03-05 00:00:00,Game,Playing in arena,Play with other opponent in arena,In the middle of the game was sent back to the login page,Yes,Yes,Andrew Gabriel
660cfb111b1dc82d370b1bb7,4,2024-03-05 00:00:00,Main Page,"Click on either arena, adventure, tutorials, nft shops, settings",register on click,"The game would not register that I'm pressing one of the options. Once it finally registered for arena button would not let me click ""cancel""",Yes,Yes,Andrew Gabriel
660cfb111b1dc82d370b1bb8,5,2024-03-12 00:00:00,Main Page,"Upon pressing settings, pressing ""X"" should exit back to list of options in main page",exit settings,"pressing the ""X"" does nothing and have to press cancel to exit",Yes,no,Andrew Gabriel
660cfb111b1dc82d370b1bb9,6,2024-03-12 00:00:00,Game,Allow me to follow along in tutorial and complete tasks that Luna assigns,Complete the tasks Luna assigns,Luna asked to use phase selector to swtich to main phase 2 but it isn't registering,Yes,no,Andrew Gabriel
660cfb111b1dc82d370b1bba,7,2024-03-12 00:00:00,Main Page,Go to Adventure in the main page and play,"Play in adventure after pressing ""Play""","""Play"" button is not registering and nothing is popping up",Yes,no,Andrew Gabriel
660cfb111b1dc82d370b1bc1,1,2024-03-12 00:00:00,Game,"Bug: Went into Adventure, none of the UI was working, couldn't go back home or enter any of the locations.",Start a battle,UI buttons not working,Yes,Yes,Ryan Kao
660cfb111b1dc82d370b1bd0,0,2024-03-10 00:00:00,Game,Bug: Text on cards difficult to read when placed into the battlefield.,Be able to read all my cards.,Difficulty reading text on cards that are on the battlefield.,Yes,No,Svarun Soda
660cfb111b1dc82d370b1bd1,1,2024-03-10 00:00:00,Game,Bug: Text on XP Level in top-right corner clips outside of the progress bar.,XP Level progress text to not clip out of progress bar.,XP Level progress text clips out of the progress bar.,Yes,No,Svarun Soda
660cfb111b1dc82d370b1bd2,2,2024-03-10 00:00:00,Game,User Case: Standardize text font types across entire game.,All GUI text fonts to be the same.,There appear to be 2 different font types across the game.,Yes,No,Svarun Soda
660cfb111b1dc82d370b1bd3,1,2024-03-11 00:00:00,Main Page,"Get asked about tutorial during session, even though I am not new.",not get asked about tutorail,kept getting asked,Yes,no,Javier
660cfb111b1dc82d370b1bd5,3,2024-03-11 00:00:00,Main Page,"Anime Ultraman window, when clicking latest update or Latest news nothing happens",New windor or information pop up,nothing,Yes,No,Javier
660cfb111b1dc82d370b1bd6,4,2024-03-11 00:00:00,Marketplace Home Menu,"Images of cards on sale, not showing on marketplace front page",Show images of cards for sale,no image shows,Yes,No,Javier
660cfb111b1dc82d370b1be2,1,2024-03-05 00:00:00,Login,when clicking get started I was immediately sent straight in with no way of logging in,Expected to be able to sign up when I press the sign in button,No page to get started,Yes,No,Sarkis Shil-Gevorkyan
660cfb111b1dc82d370b1be3,2,2024-03-07 00:00:00,Game,No tutorial or intstruction,Some from of tutorial or even a help option,None at all,Yes,No,Sarkis Shil-Gevorkyan
660cfb111b1dc82d370b1be4,3,2024-03-10 00:00:00,Game,Rewards shop takes me back to the start page,To show the actual reward shop,Sent back to start page,Yes,No,Sarkis Shil-Gevorkyan
660cfb111b1dc82d370b1be5,1,2024-03-09 00:00:00,UI,Settings Exit Button,"The ""X"" button on the top right of settings menu should exit settings","The ""X"" button on the top right of settings menu doesn't do anything",Yes,No,Bao Ngo
660cfb111b1dc82d370b1be6,2,2024-03-09 00:00:00,UI/Game,Adventure's UI doesn't work,The UI in adventure mode should allow the user to exit/choose a mission,"Only selecting the mission works. Play/Exit/Home button does not work, leading the user to refresh the page to continue.",Yes,Yes,Bao Ngo
660cfb111b1dc82d370b1be7,3,2024-03-09 00:00:00,UI,Audio Settings In-game,"The audio settings should save by default, or there should be a save button like the main menu",The audio settings in-game doesn't save when changing,Yes,No,Bao Ngo
660cfb111b1dc82d370b1bf5,1,"Use date you 
 tested on
  3/11/2024",UI,In player profile view. The Player Frame does not show anything on click,Expected to see something,Did nothing on click,Yes,yes,Salman Khan
660cfb111b1dc82d370b1c02,5,2024-03-10 00:00:00,Login email again,bug,sign in again,login again,Yes,no,Moises Alvarez
660cfb111b1dc82d370b1c06,1,2024-03-06 00:00:00,UI,"Game would not let
 me leave the 
 adventure select
 page","Hitting the back
 arrow would 
 return me to the
 main page",Does nothing,Yes,Yes,Joey Kaz
660cfb111b1dc82d370b1c07,2,2024-03-06 00:00:00,Login,"Should not have
 to log in every single
 time you close a tab,
 etc.","Would prefer 
 login credentials
 to last longer","Last for one
 instance",Yes,No,Joey Kaz
660cfb111b1dc82d370b1c08,4,2024-03-06 00:00:00,Game,"Game will not let 
 one of the players 
 perform operations 
 (draw,battle, main phase, 
 etc.) if you leave the 
 tab during a turn change
 Has done both for user 
 and AI","Game runsas 
 normal in the 
 background","Game glitches
 and one of the 
 players will not
 be able to play
 on their turn
 throghout",Yes,Yes,Joey Kaz
660cfb111b1dc82d370b1c09,5,2024-03-06 00:00:00,Game,"If for some reason you
 attempt to draw a card 
 during the opponent 
 turn, the opponent cannot
 procede","Game ignores 
 request and lets
 opponent play","Only you can 
 proceed with the
 game steps",Yes,Yes,Joey Kaz
660cfb111b1dc82d370b1c0b,1,2024-03-07 00:00:00,Login Queue,Page not working properly,Be able to work and start playing,Page not working properly,Yes,Yes,Sayra Reyes
660cfb111b1dc82d370b1c0c,2,2024-03-09 00:00:00,Battle game,Log me out while I was playing,Not being log out and keep playing my battle,Log me out of my game,Yes,No,Sayra Reyes
660cfb111b1dc82d370b1c10,3,2024-02-27 00:00:00,Main Page,"Once user is on the Main Page screen, user clicks on the round Friends button on the right. User sees a friends menu sliding form the right. User then clicks ""Add Friend"", a screen appears, the background becomes blurry. User then clicks on the X button to close the screen. The pop-up disappers but the Main Page screen remains blurry for the user, nothing is clickable. User has to reload the game and log in again. See image file attached to the submission.",User can close the Friends pop-up using the X button and successfully return to the Main Page.,User can close the Friends pop-up using the X button but can't access the Main Page anymore.,Yes,Yes,Yana Zaynullina
660cfb111b1dc82d370b1c11,5,2024-02-27 00:00:00,Main Page | Settings,The X button does not work on the Settings screen in the Main Menu. User has to use the Cancel button to close it.,User can exit Settings using the X button.,Clicking on the X button does not do anything in Settings.,Yes,No,Yana Zaynullina
660cfb111b1dc82d370b1c12,8,2024-02-27 00:00:00,"Main Page | Leaderboard, UI","Some text is overlapping on the Leadership screen, for example (TOP 100%) gets on the next line and covers the text. See image attached to the submission.",User can see all the text clearly.,User cannot see some text.,Yes,No,Yana Zaynullina
660cfb111b1dc82d370b1c13,0,2024-02-27 00:00:00,Main Page,"Click add friend icon, then press back icon to return to main page",Be returned to main page once friend added,"Upon pressing the back icon to return to main page, the game would freeze and would have to log in again.",Yes,Yes,Andrew Gabriel
660cfb111b1dc82d370b1c14,1,2024-02-27 00:00:00,Game,Playing tutorial,Instruct us how to play as a beginner,Got kicked out the game mid tutorial,Yes,Yes,Andrew Gabriel
660cfb111b1dc82d370b1c20,0,2024-02-27 00:00:00,Settings Menu,bug: Settings menu does not close with the X on top right,Clicking X should allow user to leave settings menu,Clicking X does not do anything,Yes,No,Inderjit Singh
660cfb111b1dc82d370b1c21,0,2024-02-27 00:00:00,Deck Builder,"user case: For cards with a limit of 2, if we remove one, we cannot add the other back until we remove both cards",Allow users to remove and add cards when clicked,Cannot add card until we remove all form deck,Yes,No,Inderjit Singh
660cfb111b1dc82d370b1c32,3,2024-02-22 00:00:00,USER FOCUS - Ultraman Notice,"When returning to the Home Page from the Deck Builder or Edit Profile pages, the notice for the Ultraman event always appears.","There should be an option to make the Ultraman notice, or any future event notices, never show up again upon user request",Ultraman Notice always appears,Yes,no,Bryan Avila
660cfb111b1dc82d370b1c35,1,2024-02-21 00:00:00,Game/Main Page,Collected coins not showing after going to user profile.,View coins in the game,Coins are hidden after going to a different screen,Yes,No,Raymond Gharapeti Babayans
660cfb111b1dc82d370b1c36,1,2024-02-27 00:00:00,Login,After completeing the tutorial and going back to the login screen it got stuck on login with email,Login with email,"Screen got stuck on ""login with email""",Yes,Yes,Heather Gardner
660cfb111b1dc82d370b1c37,2,2024-02-27 00:00:00,Login,"After completeing the tutorial and going back to the login screen it got stuck on after authenication to ""connecting to server""",Log in and play game,"Screen got stuck on ""connecting to server""",Yes,Yes,Heather Gardner
660cfb111b1dc82d370b1c38,3,2024-02-27 00:00:00,UI,Tutorial,Player info and card info will not interfere with gameplay,It bothers me that the Player info and the info on a card overlap the gameplay screen.,Yes,No,Heather Gardner
660cfb111b1dc82d370b1c39,4,2024-02-27 00:00:00,Game,Gameplay Tutorial,Play game/tutorial,"Error ""An error occurred running he unity content on this page. See your browser JavaScript console for more info. The error was:abort(275)at Error at jsStackTrace(https://www.endersgate.app/build/EndersGateTCG.framework.js:2:16364",Yes,Yes,Heather Gardner
660cfb111b1dc82d370b1c3d,1,2024-02-22 00:00:00,Settings UI,Bug,"I expect to be able to exit out of settings when I click the ""x""","when trying to exit the settings, the ""x"" button doesn't work. I have to click save or cancel",Yes,No,Mirna Farahat
660cfb111b1dc82d370b1c3e,2,2024-02-22 00:00:00,Setting UI,Bug,"I expect that when I change something in the settings (such as the volume), and click ""cancel"" then nothing changes. For example, if I change the volume from 50 to 40, and I click ""cancel"", I expect that when I open the setting back up, the volume is at 50, since I didn't click the ""Save"".","When I change the volume and click cancel, it still saves my changes, even though I did not click save.",Yes,No,Mirna Farahat
660cfb111b1dc82d370b1c3f,3,2024-02-22 00:00:00,Tutorials,Bug,"I expect to be able to access the ""Deck Builder Tutorial"" when I click play","The ""Deck Builder Tutorial"" does not open when I click play",Yes,No,Mirna Farahat
660cfb111b1dc82d370b1c40,4,2024-02-22 00:00:00,Search function in Tutorials,Bug,I expect that the desired tutorial I search for appears,"When I type the name of either tutorial in the search bar, nothing comes up",Yes,No,Mirna Farahat
660cfb111b1dc82d370b1c41,5,2024-02-22 00:00:00,How to obtain button when selecting cards for a deck,Bug,"I expect directions of how to obtain the selected card to be displayed when I click ""How to Obtain""","Nothing happens when I click ""How to obtain""",Yes,No,Mirna Farahat
660cfb111b1dc82d370b1c42,6,2024-02-22 00:00:00,Game,User Case,"I expect that when I click ""Arena"", that it would only take a few second for the ""matchmaking"" to happen so I can actually play","When I click ""Arena"" it tells me ""Matchmaking...Please wait"" and then nothing happens",Yes,Yes,Mirna Farahat
660cfb111b1dc82d370b1c4c,2,2024-02-21 00:00:00,Turotial,Bug: Normal Tutorial practrice,Activating trap card  void trap,The AI Froze and could not continue game,Yes,Yes,Ramon
660cfb111b1dc82d370b1c54,4,2024-02-24 00:00:00,Matchmaking page,taking too long,expected a match within a minute,Has been almost 5 mins and no match,Yes,No,Mimi Truong
660cfb111b1dc82d370b1c57,7,2024-02-24 00:00:00,Friends list closing,blurred screen after closing friends list,"Friends list close, home screen goes back to normal",Friends list closed and the screen stays blurred I cant click anything had to refresh the page and it started back from the beginning,Yes,No,Mimi Truong
660cfb111b1dc82d370b1c60,16,2024-02-27 00:00:00,game play,Page frozen,Tutorial battle starting,"Nothing , the whole page froze",Yes,yes,Mimi Truong
660cfb111b1dc82d370b1c61,17,2024-02-27 00:00:00,Arena Game,"Moved to new tab, came back and game logged me out",Battle begins,logged me out and now I have to take the extra million steps to authenticate myself,Yes,yes,Mimi Truong
660cfb111b1dc82d370b1c62,18,2024-02-27 00:00:00,connect to server,Still connecting to server after several minutes after authentication,home page loads,still connecting to the server since everyone is playing,Yes,Yes,Mimi Truong
660cfb111b1dc82d370b1c6f,1,2024-02-27 00:00:00,Login/UI/Game/FindMatch  Login/UI/Game/training,"Bug: Whenever I try to find a match online or go to the training, the game does not load into the game, and is just stuck loading the match",I would get in a match,The game does not load into the match,Yes,Yes,Omar Garcia
660cfb111b1dc82d370b1c70,2,2024-02-25 00:00:00,Login/UI/Game/Build Deck,"User case: As a user, when I went to go build a deck, I found the UI kind of confusing at first. I didn't really know how much cards has to be in a deck and first time I built a deck, I didn't know I had to have it saved and selected before finding a match.  Took a little bit of playing with, but I understand how it works now.","I kind of expected at first when I build a deck, it would show the number of cards I have in the deck as well as expecting a drag and drop system for building decks. I also expected that the deck would automatically save when I exit, or at least a pop up reminder to save.","In order to build a deck, users have to selected a card and a menu pops up prompting the user to add or remove card. If the user adds, they must exit the card menu and the card will then be displayed in the deck. There are no indicators on how much cards there needs to be in the deck. The only indicator will appear when you save a deck and the menu tells you that you don't have enough cards and tells you how many more cards are needed. When saving a deck, you must name it and it is only after you exit the build deck menu where you gotta select the deck you want to use when you play a game",Yes,No,Omar Garcia
660cfb111b1dc82d370b1c71,3,2024-02-25 00:00:00,Login/UI/Game/Tutorial,"Bug?: After completing the tutorial, I went back to play it again. However, it seems that the tutorial acts as a training ground however, you only have limited amount of cards, leading to a point during the game where both the players and the AI have no cards meaning both cannot draw new ones. If the AI runs out of cards and doesn't have any cards to draw, the AI opponent is stuck in the drawing phase and rather than switching turns,the AI just stays and waits the entire turn. The player must wait until the opponents turn is over, and is either stuck doing nothing or attacks the enemy only to switch turns and wait until the enemy's timer to finish to switch to their turn.",I was expecting to get more cards in the tutorial instead of a limited amount rather than having to wait for the opponents clock to finish because they also can't draw any cards,I had to wait the entire opponents turn to make a move cause they didn't want to skip,Yes,No,Omar Garcia
660cfb111b1dc82d370b1c72,4,2024-02-27 00:00:00,Login/UI/Game/Friends,"Bug? Whenever I ask friend to battle, and they accept, the game loads in, but logs both of us out",Expecting to play with a friend,I couldn't get a game and it always logged both of us out,Yes,Yes,Omar Garcia
660cfb111b1dc82d370b1c73,1,2024-02-27 00:00:00,Login/UI/Game/FindMatch  Login/UI/Game/training,"Bug: Whenever I try to find a match online or go to the training, the game does not load into the game, and is just stuck loading the match",I would get in a match,The game does not load into the match,Yes,Yes,Kevin Chaja
660cfb111b1dc82d370b1c74,2,2024-02-25 00:00:00,Login/UI/Game/Build Deck,"User case: As a user, when I went to go build a deck, I found the UI kind of confusing at first. I didn't really know how much cards has to be in a deck and first time I built a deck, I didn't know I had to have it saved and selected before finding a match.  Took a little bit of playing with, but I understand how it works now.","I kind of expected at first when I build a deck, it would show the number of cards I have in the deck as well as expecting a drag and drop system for building decks. I also expected that the deck would automatically save when I exit, or at least a pop up reminder to save.","In order to build a deck, users have to selected a card and a menu pops up prompting the user to add or remove card. If the user adds, they must exit the card menu and the card will then be displayed in the deck. There are no indicators on how much cards there needs to be in the deck. The only indicator will appear when you save a deck and the menu tells you that you don't have enough cards and tells you how many more cards are needed. When saving a deck, you must name it and it is only after you exit the build deck menu where you gotta select the deck you want to use when you play a game",Yes,No,Kevin Chaja
660cfb111b1dc82d370b1c75,3,2024-02-25 00:00:00,Login/UI/Game/Tutorial,"Bug?: After completing the tutorial, I went back to play it again. However, it seems that the tutorial acts as a training ground however, you only have limited amount of cards, leading to a point during the game where both the players and the AI have no cards meaning both cannot draw new ones. If the AI runs out of cards and doesn't have any cards to draw, the AI opponent is stuck in the drawing phase and rather than switching turns,the AI just stays and waits the entire turn. The player must wait until the opponents turn is over, and is either stuck doing nothing or attacks the enemy only to switch turns and wait until the enemy's timer to finish to switch to their turn.",I was expecting to get more cards in the tutorial instead of a limited amount rather than having to wait for the opponents clock to finish because they also can't draw any cards,I had to wait the entire opponents turn to make a move cause they didn't want to skip,Yes,No,Kevin Chaja
660cfb111b1dc82d370b1c76,4,2024-02-27 00:00:00,Login/UI/Game/Friends,"Bug? Whenever I ask friend to battle, and they accept, the game loads in, but logs both of us out",Expecting to play with a friend,I couldn't get a game and it always logged both of us out,Yes,Yes,Kevin Chaja
660cfb111b1dc82d370b1c8e,4,2024-02-27 00:00:00,Game,Refreshing page,Continue to be logged in,Logs me out,Yes,No,Jack Konyan
660cfb111b1dc82d370b1c9e,1,2024-02-25 00:00:00,Main Page,User Case I tried scrolling left and right when,I expected left and right scrolling,No left and right scrolling.,Yes,Yes,Angel Venegas
660cfb111b1dc82d370b1cac,1,2024-02-26 00:00:00,Game,"Chose ""Spanish"" as the language but most things, like the tutorials and certain buttons are in English",The whole or at least majority of the game to be in Spanish,Most things are in English,Yes,No,Angeles Montalvo
660cfb111b1dc82d370b1cad,2,2024-02-26 00:00:00,Profile Page,Nothing happens when clicking certain buttons on profile page,"When clicking ""Player Frame"", ""Player Title"", and ""Player Banner"" I expected to see some options or a page for each button when clicked",Nothing happens. If this has to be unlocked by achieving something in the game at least a message would be useful to let the user know what they need to do,Yes,No,Angeles Montalvo
660cfb111b1dc82d370b1cae,3,2024-02-26 00:00:00,Main Page/Online Friends,Blurry and unresponsive main page,Expected to go back to the main page after looking at the  online players list,"When clicking on the upper right button for online players list and then trying to go back to the main page, we are left with a blurry image of the main page (like the background we had when we were looking at the online players list). Trying to click buttons did not work and had to reload website and log back in.",Yes,Yes,Angeles Montalvo
660cfb111b1dc82d370b1caf,4,2024-02-26 00:00:00,Main Page/News,Unresponsive buttons in pop up,"Expected to be redirected or see a message when clicking ""Latest News"" or ""Latest Update""",Nothing happens when clicking any of those two buttons,Yes,no,Angeles Montalvo
660cfb111b1dc82d370b1cb0,5,2024-02-26 00:00:00,Tutorials Page,Unresponsive Deck Builder Tutorial Button,To be redirected to the Deck builder tutorial,"Nothing happens, I had to manually go to the Deck Builder and play around to get an idea of how it works. After that it marked the tutorial as COMPLETE",Yes,No,Angeles Montalvo
660cfb111b1dc82d370b1cb1,6,2024-02-26 00:00:00,First Gameplay Tutorial,Tutorial could not be completed,"Being able to select cards, mark the checkmark box ""Complete the tasks…"", see the background","The entire time the background of the game was black (same thing happened in Trainning Mode), could not select any of the cards, could not check the box under Luna's dialogue, and a blue box/square was misplaced on the lower right I think the box is where Luna's dialogue is supposed to go. After exiting the tutorial it was marked as COMPLETE even though it wasn't completed",Yes,Yes,Angeles Montalvo
660cfb111b1dc82d370b1cb2,7,2024-02-26 00:00:00,Settings,Unresponsive close button,"Close settings box when ""x"" was clicked","Nothing happens, I found that the only way to close it is by clicking ""SAVE"" or ""CANCEL""",Yes,No,Angeles Montalvo
660cfb111b1dc82d370b1cb3,1,2024-02-27 00:00:00,Login,Bug: Closing pop-up for login,Option to login to be apparent again,"auses the login page to be stuck on ""login with email""",Yes,no,Jae Molina
660cfb111b1dc82d370b1cb5,3,2024-02-27 00:00:00,Login,User Case: Too often needed to resign,Refreshing page should keep you still signed in,"When you refresh the page, it signs you out",Yes,no,Jae Molina
660cfb111b1dc82d370b1cc6,1,2024-02-23 00:00:00,Tutorial,Card cannot be clicked on. Prevented by an overlay,Exit out of the overlay or click on required card to continue,Overlay card prevents further progress,Yes,Yes,Jorge Enriquez
660cfb111b1dc82d370b1cc7,2,2024-02-27 00:00:00,Main Menu,Deck Builder Tutorial cannot be accessed through the main menu,Deck Builder Tutorial should start,User is brought back to main menu,Yes,No,Jorge Enriquez
660cfb111b1dc82d370b1cc8,3,2024-02-27 00:00:00,Main Menu,"After user is kicked from inactivity, user can no longer log back in",User’s browser should open Magic to log in,No tab or pop up appears for log in,Yes,Yes,Jorge Enriquez
660cfb111b1dc82d370b1cdc,0,2024-02-26 00:00:00,Gameplay Tutorial Page,"Bug: The E-Axe Void Mode overlay became stuck after double clickg the ""Gargoyle"" card and clicking ""Activate"". When it was time to enhance the stats of the Guardian using action cards, the card was not selectable since the E-Axe Void Mode overlay was in the way","I expected the overlay to disapear when the Gargoyle card was ""Activated""",The E-Axe Void Mode overlay stayed on the screen and prevented progression of the tutorial,Yes,Yes,Katrina Ortiz
660cfb111b1dc82d370b1cdd,1,2024-02-26 00:00:00,Gameplay Tutorial Page,"Bug: When aggressively clicking around during the phase selector for Main Phase 2, the highlight box got stuck and the phase selector overlay disappeared",I expected the phase selector overlay to be able to come back after clicking off of it,The phase selector overlay dispeared and the highlight box remains and the tutorial was stuck,Yes,Yes,Katrina Ortiz
660cfb111b1dc82d370b1cde,2,2024-02-26 00:00:00,Login Page,"User Case: When I refreshed the page, I was logged out and required to log back in after logging in less than 15 minutes from that time",I expected to land on the Main Page since I had logged in less than 15 minutes ago,I was logged out and required to log back in,Yes,No,Katrina Ortiz
660cfb111b1dc82d370b1ce0,4,2024-02-26 00:00:00,Login Page,User Case: I've had to constantly register the same device during login despite the notice that it is a quick one-time approval,I expected the device to remain registered when I was required to register it,I was required to register the device multiple times despite already registering the device,Yes,No,Katrina Ortiz
660cfb111b1dc82d370b1ce1,5,2024-02-26 00:00:00,Gameplay Tutorial Page,"Bug: You can click the phase selector before the tutorial instructs you to draw a new card to begin gameplay. When you do that, the phase selector overlay gets stuck and prevents you from clicking to draw the card",I expected the phase selector to either be non-selectable or close on its own if it is pressed before the tutorial instructs the user to press it or if it is pressed at a different time of the tutorial than intended,"The phase selector was selectable before the tutorial seemed to intend the user to select and therefore, the phase selector overlay got stuck and prevented the progression of the tutorial",Yes,Yes,Katrina Ortiz
660cfb111b1dc82d370b1ce2,6,2024-02-26 00:00:00,Login Process,User Case: It would be nice for the Endersgate Auth tab to close automatically after the user is authenticated,I have experienced the automatic closing of the authentication tabs with other applications so I was expecting the authentication tab to close after successful authentication,The authentication tab requires the user to close the tab after successful authentication,Yes,No,Katrina Ortiz
660cfb111b1dc82d370b1ce3,7,2024-02-26 00:00:00,Gameplay Tutorial Page,"User Case: I was mistaking the Settings icon for the button to proceed with ""Exit Tutorial"", since ""Exit Tutorial"" was next to the Settings icon.","It could be confusing for users to have the ""Exit Tutorial"" link close in proximity to the Settings icon","The ""Exit Tutorial"" could be more distanced from the Settings icon or in its own area to distinguish it",Yes,No,Katrina Ortiz
660cfb111b1dc82d370b1ce4,8,2024-02-27 00:00:00,Tutorial Search (Main Page),"Bug: The tutorial search bar does not seem to search after clicking on the search icon or pressing ""Enter""","The tutorial search bar should search the tutorials when a search term is entered and either the search icon or the ""Enter"" key is pressed","The tutorial search bar does not initiate a search after a term is entered and the search icon or ""Enter"" key is pressed",Yes,No,Katrina Ortiz
660cfb111b1dc82d370b1ce5,9,2024-02-27 00:00:00,Tutorial Search (Main Page),"Bug: The tutorial search bar clear icon (the ""X"") does not clear the input field when pressed","The ""X"" to clear the tutorial search bar should clear the input field","The ""X"" to clear the tutorial search bar does not clear the input field when pressed",Yes,No,Katrina Ortiz
660cfb111b1dc82d370b1ce6,10,2024-02-27 00:00:00,Settings (Main Page),"Bug: The ""X"" to close the Settings overlay does not close the overlay","The ""X"" should close the Settings overlay when pressed","The ""X"" does not close the Settings overlay when pressed",Yes,No,Katrina Ortiz
660cfb111b1dc82d370b1ce7,11,2024-02-27 00:00:00,Settings (Main Page),"User Case: ""SAVE"" in the Settings has all letters capitalized when the other words on the buttons only have the first letter capitalized",I expect the capitalization to be consistent throughout the Settings,SAVE has all letters capitalized and is inconsistent with the other buttons,Yes,No,Katrina Ortiz
660cfb111b1dc82d370b1ce8,12,2024-02-27 00:00:00,Settings (Main Page),"User Case: ""default"" in the ""Reset to default"" button in Settings is not capitalized  and is inconsistent with the other capitalization in Settings",I expect the capitalization to be consistent throughout the Settings,"default in the ""Reset to default"" button in Settings is not capitalized  and is inconsistent with the other capitalization in Settings",Yes,No,Katrina Ortiz
660cfb111b1dc82d370b1ce9,13,2024-02-27 00:00:00,Settings (Main Page),"User Case: The word ""volume"" for the option ""Sound volume"" does not have the first letter capitalized and is inconsistent with the words in the other options in Settings",I expect the capitalization to be consistent throughout the Settings,"The word ""volume"" for the option ""Sound volume"" does not have the first letter capitalized and is inconsistent with the words in the other options in Settings",Yes,No,Katrina Ortiz
660cfb111b1dc82d370b1cea,14,2024-02-27 00:00:00,Settings (Main Page),"Bug: The ""Cancel"" button in the Settings seems to save the options that were updated","I expect the ""Cancel"" button in the Settings to close the Settings without saving the updates to the optios","The ""Cancel"" button saved the updated options in the Settings",Yes,No,Katrina Ortiz
660cfb111b1dc82d370b1ceb,15,2024-02-27 00:00:00,Add Friends Page,"Bug: After closing the ""Add Friends"", the background stays blurry and prevents further navigation of the website","I expect the background to return to normal after closing the ""Add Friends"" page","The background remained blurry after closing the ""Add Friends"" background and prevented further navigation of the website",Yes,Yes,Katrina Ortiz
660cfb111b1dc82d370b1cec,16,2024-02-27 00:00:00,Leaderboard Page,"Bug: The leaderboard search bar does not seem to search after clicking on the search icon or pressing ""Enter""","The leaderboard search bar should search the leaderboard when a search term is entered and either the search icon or the ""Enter"" key is pressed","The leaderboard search bar does not initiate a search after a term is entered and the search icon or ""Enter"" key is pressed",Yes,No,Katrina Ortiz
660cfb111b1dc82d370b1ced,17,2024-02-27 00:00:00,Leaderboard Page,"Bug: The leaderboard search bar clear icon (the ""X"") does not clear the input field when pressed","The ""X"" to clear the leaderboard search bar should clear the input field","The ""X"" to clear the leaderboard search bar does not clear the input field when pressed",Yes,No,Katrina Ortiz
660cfb111b1dc82d370b1cee,18,2024-02-27 00:00:00,Friends Page,"Bug: The friends search bar does not seem to search after clicking on the search icon or pressing ""Enter""","The friends search bar should search the friends when a search term is entered and either the search icon or the ""Enter"" key is pressed","The friends search bar does not initiate a search after a term is entered and the search icon or ""Enter"" key is pressed",Yes,No,Katrina Ortiz
660cfb111b1dc82d370b1cef,19,2024-02-27 00:00:00,Friends Page,"Bug: The friends search bar clear icon (the ""X"") does not clear the input field when pressed","The ""X"" to clear the friends search bar should clear the input field","The ""X"" to clear the friends search bar does not clear the input field when pressed",Yes,No,Katrina Ortiz
660cfb111b1dc82d370b1cf0,20,2024-02-27 00:00:00,Edit Profile Page,"Bug: The updated Player Name doesn't save after the ""Save"" button is clicked on the Edit profile page","The updated Player Name should save when the ""Save"" is clicked","The updated Player Name doesn't save after the ""Save"" button is clicked on the Edit profile page",Yes,No,Katrina Ortiz
660cfb111b1dc82d370b1cf1,21,2024-02-27 00:00:00,Deck Builder Page,"User Case: ""CANCEL"" in the Create New Deck menu in the Deck Builder page has all letters capitalized when the words on the other button only have the first letter capitalized",I expect the capitalization to be consistent throughout the Deck Builder Page,CANCEL has all letters capitalized and is inconsistent with the other button,Yes,No,Katrina Ortiz
660cfb111b1dc82d370b1cf2,22,2024-02-27 00:00:00,Deck Builder Page (Add New Card),"User Case: The add new card content doesn't auto fit when the browser was shrunk so the arrows and the ""X"" close icon were hidden",I expect the website's content to auto fit when the browser changes size,"The add new card content doesn't auto fit when the browser was shrunk so the arrows and the ""X"" close icon were hidden",Yes,No,Katrina Ortiz
660cfb111b1dc82d370b1cf3,23,2024-02-27 00:00:00,Gameplay Tutorial Page,"Bug: I was able to ""Hire"" and ""Set"" every card by the Main Phase 2 stage in the Gameplay tutorial and the tutorial became stuck and was not able to progress",I expect to be prevented from doing something in the Gameplay tutorial that is not meant to happen at that stage in the tutorial,"I was able to ""Hire"" and ""Set"" every card by the Main Phase 2 stage in the Gameplay tutorial and the tutorial became stuck and was not able to progress",Yes,Yes,Katrina Ortiz
660cfb111b1dc82d370b1cf4,24,2024-02-27 00:00:00,Gameplay Tutorial Page,"Bug: I was able click ""Activate"" on the ""Cursed Jian"" card before the Main Phase 2 stage in the Gameplay tutorial and the tutorial became stuck and was not able to progress since the ""Cursed Jian"" overlay was covering the card I was supposed to ""Set"" to progress the tutorial",I expect to be prevented from doing something in the Gameplay tutorial that is not meant to happen at that stage in the tutorial,"I was able click ""Activate"" on the ""Cursed Jian"" card before the Main Phase 2 stage in the Gameplay tutorial and the tutorial became stuck and was not able to progress since the ""Cursed Jian"" overlay was covering the card I was supposed to ""Set"" to progress the tutorial",Yes,Yes,Katrina Ortiz
660cfb111b1dc82d370b1cf5,1,2024-02-27 00:00:00,Log In,Logging in with google took a couple tries to get in,Loading into the game,"Nothing, just says ""connecting to the server…"" for 5 minutes",Yes,No,Brandon Hakimi
660cfb111b1dc82d370b1cf6,2,2024-02-27 00:00:00,Server,Got kicked out while playing the tutorial after about five minutes. Wasn’t paying too much attention to latency but when I did it was around 170-200. I got a couple turns in the battle phase before it happened. Was kicked out to the main login page with the music still playing,Continue tutorial,Got kicked,Yes,No,Brandon Hakimi
660cfb111b1dc82d370b1cf7,3,2024-02-27 00:00:00,Tutorial,"When I got disconnected while doing the first gameplay tutorial, I got back on 20 minutes later and it said I had finished it. I clicked the play and it still worked and I was able to do the tutorial but doing the tutorial made the game think I had completed the deck builder tutorial as well. Now when I try to do the deck builder tutorial nothing happens when I click play.",Start deck builder tutorial,Nothing,Yes,Yes,Brandon Hakimi
660cfb111b1dc82d370b1cf8,4,2024-02-27 00:00:00,Profile,"The Player Frame, Player Title, and Player Banner buttons do not work in the profile tab. I assume this is because we are still in beta and these things are not very important but I am reporting it just in case it is supposed to work",Show me options to customize my profile more,Nothing,Yes,No,Brandon Hakimi
660cfb111b1dc82d370b1d2b,1,2024-02-25 00:00:00,Login,Window Scale,Form to window size,Vertical monitor setup does not adjust to window,Yes,No,Javier Torres
660cfb111b1dc82d370b1d2c,2,2024-02-25 00:00:00,Mobile/Main menu,Return to main menu,Return after tutorial to no new player prompt,"When returning after tutorial to main menu, still prompts and asks of your a new player",Yes,No,Javier Torres
660cfb111b1dc82d370b1d2f,2,2024-02-26 00:00:00,Login,User Case: Avoid asking the user to authenticate every time they log in,Magic to remember the PC I used,Asked to re-authenticate my email address again,Yes,No,Svarun Soda
660cfb111b1dc82d370b1d30,3,2024-02-26 00:00:00,Game,User Case: Add character voice-over for tutorial missions,Tutorial character text to be narrated,Tutorial character text not narrated,Yes,No,Svarun Soda
660cfb111b1dc82d370b1d31,1,2024-02-26 00:00:00,Tutorial,Blue border remain for a second too long after clicking,Blue border should dissapear after im done clicking on what it tells me to,Blue border remained for a second too long after clicking on what it told me to,Yes,No,Artim Trofimenko
660cfb111b1dc82d370b1d32,2,2024-02-26 00:00:00,Main Menu,Asked me to do the tutorial agaoin after i already completed it,To not see tutorial anymore after i completed it,Tutorial popped out after already completing it,Yes,No,Artim Trofimenko
660cfb111b1dc82d370b1d33,3,2024-02-26 00:00:00,Main Menu,"After clicking friends, add friends, then exiting the add friends tab, I cant click anyhting in the main menu, its all blurred out",Friends menu to close and use main menu again,"Main menu is all blurred out after closing friends menu, cant click anything",Yes,Yes,Artim Trofimenko
660cfb111b1dc82d370b1d34,4,2024-02-26 00:00:00,Arena,"After creating my deck and selecting it, i tried going into the arena, and as the game loaded it just kicked me out to the sign in page",For me to play a match,Game closed and brought me to sign it page,Yes,Yes,Artim Trofimenko
660cfb111b1dc82d370b1d35,5,2024-02-26 00:00:00,Training mode,"After clicking on training mode in adventure select, the battle launches and never starts, I just sit there waiting forever",To start match agaisnt AI,Nothing happened,Yes,No,Artim Trofimenko
660cfb111b1dc82d370b1d36,6,2024-02-26 00:00:00,Edit Profile,"In ""edit profile"", i cant click on player frame, title, or banner, its lighting up, but nothing is happening","To be able to edit my banner, title or frame","registering my click but nothing happens, does not allow me to edit",Yes,No,Artim Trofimenko
660cfb111b1dc82d370b1d3b,3,2024-02-20 00:00:00,UI,"Menu options don't light up when hovering over
 them","Some indicator showing which
 option you are choosing","No indication, leaves guess work
 to user",Yes,no,Joey Kaz
660cfb111b1dc82d370b1d49,1,2024-02-24 00:00:00,Login,Email Login,The auth window should be a popup,A new tab is opened,Yes,No,Bao Ngo
660cfb111b1dc82d370b1d4a,2,2024-02-24 00:00:00,UI/Game,Screen Shake Settings,There should be an options to turn off screen shake,There is no option to do so,Yes,No,Bao Ngo
660cfb111b1dc82d370b1d4b,1,2024-02-25 00:00:00,Shop,Shop takes me to a different page,Micro manages to be in the game,Took me outside of the game to look at the net shop,Yes,No,Alex Kevorkian
660cfb111b1dc82d370b1d4c,1,2024-02-25 00:00:00,Game/Tutorial,"bug: Selecting ""Deck Builder Tutorial"" didn't work","Take the user to the ""Deck Builder Tutorial"" to show the user how to build a deck","Nothing happened, even after refreshing and trying it again",Yes,No,German Wong
660cfb111b1dc82d370b1d5d,1,2024-02-23 00:00:00,Game,Clicking on tutorial elements before being prompted to do leads to softlock,Game should prevent me from pushing the button before or skip ahead if I already have,Tutorial waited for me to press the button but could no longer do so since I already did,Yes,Yes,Ricky Malagon
660cfb111b1dc82d370b1d70,1,2024-02-25 00:00:00,Internet connection,High latency issue for me because of bad internet connection on my end i believe i recieved latency of 6000 so the game was hard to play. I played in web browser.,Smother run time game experience,High latency,Yes,Not sure,"Your name
 Salman Khan"
660cfb111b1dc82d370b1d84,1,2024-02-25 00:00:00,Main Page,Deck builder tutorial button not doing anything.,To take me to deck builder tutorial.,Game stayed on main page.,Yes,Yes,Monte Tamazyan
660cfb111b1dc82d370b1d86,1,2024-02-25 00:00:00,UI/First Gameplay Tutorial,"bug: After dragging out the screen, the game no longer allows users to select highlighted cards.",Users should be able to select highlighted cards regardless of the screen size or position.,Selection of highlighted cards becomes non-responsive after dragging out the screen.,Yes,Yes,Abigail Macias
660cfb111b1dc82d370b1d87,2,2024-02-25 00:00:00,UI/Main Page/Settings,"bug: When opening the settings on the main page, the 'x' button is highlighted when hovered over. However, clicking on the 'x' button does not close the settings; only the 'Cancel' button works.","Clicking the 'x' button should close the settings, providing an alternative to the 'Cancel' button.",Clicking the 'x' button does not close the settings.,Yes,no,Abigail Macias
660cfb111b1dc82d370b1d8f,0,2024-02-25 00:00:00,UI/Game/Attack/Victory,Can't see what I am clicking on when attacking enemy base/hero near Victory,Click on/attack an enemy base or hero,Clicked on a gray bar at the top of the screen,Yes,Yes/no,Craig Edmondson
660cfb111b1dc82d370b1d90,0,2024-02-23 00:00:00,UI,Edit profile section not all tabs click,All The Tabs to be clickable,Only edit name and icon work,Yes,No,Felix Moreno
660cfb111b1dc82d370b1d91,1,2024-02-24 00:00:00,UI,Deck Builder button tutorial not clickable,Start the decker tutorial,Take me back to homepage,Yes,Yes,Felix Moreno
660cfb111b1dc82d370b1d9a,5,2024-02-25 00:00:00,Adventures,usercase: AI player takes long,training mode,AI not responding/exit tutorial,Yes,no,Moises Alvarez
660cfb111b1dc82d370b1d9c,2,2024-02-25 00:00:00,UI,"Trying to change my player frame, title, or banner","Take me to a page where I can change my player frame, title or baner,",clicking the button does nothing,Yes,No,Joshua alvarado
660cfb111b1dc82d370b1daa,1,2024-02-20 00:00:00,Tutorial Game,Clicking on cards take too long,Select right away and keep playing cards,"It worked but very slow, after several times",Yes,No,Sayra Reyes
660cfb111b1dc82d370b1dab,2,2024-02-20 00:00:00,Tutorial Game Instructions,Instructions slide too fast,Show a little more time,Go away too fast,Yes,No,Sayra Reyes
660cfb111b1dc82d370b1dac,3,2024-02-22 00:00:00,Tutorial Game/Cards,Cards too small to see,Bigger cards with bigger letters,Very small cards with small letters,Yes,No,Sayra Reyes
660cfb111b1dc82d370b1dad,4,2024-02-22 00:00:00,Tutorial Game/DeckTutorial,Not much information about the game (history),More history with instructions,Just instructions,Yes,No,Sayra Reyes
660cfb111b1dc82d370b1db0,1,2024-02-25 00:00:00,Main Page,A frozen screen,Expected to leave online players list back to main screen and it all froze,Frozen,Yes,Yes,Jose Flores
660cfb111b1dc82d370b1db1,2,2024-02-25 00:00:00,Login,Logged out,Expected to stay logged in after refreshing and completely logged out,Had to login again,Yes,Yes,Jose Flores
660cfb111b1dc82d370b1db2,1,2024-02-25 00:00:00,Main Page,A frozen screen,Expected to leave online players list back to main screen and it all froze,Frozen,Yes,Yes,Kevin Chaja
660cfb111b1dc82d370b1db3,2,2024-02-25 00:00:00,Login,Logged out,Expected to stay logged in after refreshing and completely logged out,Had to login again,Yes,Yes,Kevin Chaja
660cfb111b1dc82d370b1db4,1,2024-02-25 00:00:00,Main Page after clicking on link,Immediately opens an ad for game even though I have no idea what the game is or how to even play it.,Game opens to login page,Ad popup,Yes,no,Mohammad Asim Sheikh
660cfb111b1dc82d370b1db5,2,2024-02-25 00:00:00,Game,Game way too glitchy on Macbook pro using Safari; Couldn't even pick a card; Decided to reload the window and it took me back to login page.,Smooth card picking operation,Doesn't let me pick card due to lag,Yes,no,Mohammad Asim Sheikh
660cfb111b1dc82d370b1db7,2,2024-02-24 00:00:00,game,Selecting the Build Deck didn't do anything after complete the first gameplay tutorial,Go to the Build deck tutorial,Did nothing/ went to the home screen,Yes,yes,Jainivash Korisal
660cfb111b1dc82d370b1db8,1,2024-02-20 00:00:00,UI (Edit Profile),"Clicking player: name, icon, frame, title, and banner changes to respective pages.",Clicking these buttons would change the profile editor to the clicked page.,"Only the name and icon pages work, frame, title, and banner are non functional.",Yes,No,Jason Ross
660cfb111b1dc82d370b1db9,2,2024-02-22 00:00:00,UI (Deck Builder),Adding card to deck adds it.,Card is added to deck.,"Cards add until a previously added card is removed, then they don't add.",Yes,Yes,Jason Ross
660cfb111b1dc82d370b1dba,3,2024-02-22 00:00:00,Game (Training Mode),AI oppoenent attacks dynamically.,AI opponent will attack in a mathematically efficent way to best win the game.,AI opponent will only attack from left to right (user POV).,Yes,No,Jason Ross
